,Adj Close_spy,Adj Close_dia,Adj Close_qqq
Jarque-Bera stats,95.25421984921391,86.38552213147058,99.15380357463647
Jarque-Bera pval,0.0,0.0,0.0
ADF stats,0.2002711997000628,-0.23563212360350796,0.31374158903458216
ADF pval,0.9722768005974298,0.9341389332066437,0.9779662323839476
