ETF,Statistic,ARMA
SPY,MAE,0.0064890097063845555
SPY,MAPE,140.82329164340314
SPY,RMSE,0.008476365424076475
SPY,THEIL-U,0.7721543793139544
DIA,MAE,0.006398123790742639
DIA,MAPE,153.3388909734392
DIA,RMSE,0.008477968153751148
DIA,THEIL-U,0.7639185945253569
QQQ,MAE,0.006585755414967079
QQQ,MAPE,161.62483673479773
QQQ,RMSE,0.008524734650137372
QQQ,THEIL-U,0.75994821924876
