,SPY,DIA,QQQ
SPY,1.0,0.9728719234809738,0.9265476776303662
DIA,0.9728719234809738,1.0,0.8714343063541452
QQQ,0.9265476776303662,0.8714343063541452,1.0
