,SPY,DIA,QQQ
SPY,1.0,0.955254216463711,0.8876855503208916
DIA,0.955254216463711,1.0,0.8052309407258678
QQQ,0.8876855503208916,0.8052309407258678,1.0
