,Test,ETF,MLP,RNN,PSN
0,PT,SPY,101.4727597745054,34.50626491033103,16.789826648399195
1,PT,DIA,73.3848382096516,47.60320522663228,0.8113723160573016
2,PT,QQQ,95.98349889955901,24.562250886974056,2.413447552115655
3,DM,SPY,24.278869013366325,22.76437458209598,
4,DM,DIA,1024.5767714054357,1024.8969227125547,
5,DM,QQQ,550.7512773933023,550.3228565849175,
