,Test,ETF,MLP,RNN,PSN
0,PT,SPY,101.4727597745054,34.50626491033103,68.70728059860942
1,PT,DIA,73.3848382096516,47.60320522663228,54.733459705502106
2,PT,QQQ,95.98349889955901,24.562250886974056,74.07954674627075
3,DM,SPY,0.8825292444904549,-2.4270857287689367,
4,DM,DIA,1.2767541707158725,-0.2083884467267435,
5,DM,QQQ,0.8470002797141191,-2.1566717576209684,
