,Test,ETF,MLP,RNN,PSN
0,PT,SPY,12.530307356827706,5.425501321437965,10.260249152851111
1,PT,DIA,18.84772334194264,9.801966129218517,18.236132125505062
2,PT,QQQ,5.111237976118537,1.1562789966306795,17.536907640625856
3,DM,SPY,14.585374852469508,13.917102672306662,
4,DM,DIA,11.536520554015897,12.096834312759297,
5,DM,QQQ,-1.0266476907378745,-3.1171650072050068,
