Test,ETF,ARMA,MLP,RNN,PSN
PT,SPY,66.51015769017138,35.36275632569779,24.66664629911559,4.22113078490199
PT,DIA,41.307231059076294,27.012179960848854,22.17259616074798,4.381583177243982
PT,QQQ,42.33996976102975,29.84284748807057,15.814185306416562,38.72233301108924
DM,SPY,7.55010557867182,5.465992235973696,4.862606104533696,
DM,DIA,5.699504538248053,-0.5108788747195105,-0.07478835796023496,
DM,QQQ,3.653700193191034,-1.4932608270062382,-4.06074982202684,
