Test,ETF,ARMA,MLP,RNN,PSN
PT,SPY,66.51015769017138,12.530307356827706,5.425501321437965,10.260249152851111
PT,DIA,41.307231059076294,18.84772334194264,9.801966129218517,18.236132125505062
PT,QQQ,42.33996976102975,5.111237976118537,1.1562789966306795,17.536907640625856
DM,SPY,15.464028994758646,14.585374852469508,13.917102672306662,
DM,DIA,13.784073777014871,11.536520554015897,12.096834312759297,
DM,QQQ,3.1313714214440576,-1.0266476907378745,-3.1171650072050068,
