Test,ETF,ARMA,MLP,RNN,PSN
PT,SPY,66.51015769017138,35.36275632569779,24.66664627891826,4.22113078490199
PT,DIA,41.307231059076294,27.012179960848854,22.17259616074798,4.381583177243982
PT,QQQ,42.33996976102975,29.84284748807057,15.814185300275312,38.72233301108924
DM,SPY,7.550105578671828,5.465992243998186,4.862606098846676,
DM,DIA,5.699504538248055,-0.5108788747195139,-0.074788363838038,
DM,QQQ,3.6537001931910327,-1.4932608270062386,-4.060749829320424,
